{
  "cv_top1_mean": 0.6026785714285714,
  "cv_top1_std": 0.004970576692201909,
  "cv_top3_mean": 0.79875,
  "cv_macro_f1": 0.5989380860322189,
  "fold_top1": [
    0.5969642857142857,
    0.6089285714285714,
    0.5980357142857143,
    0.6080357142857142,
    0.6014285714285714
  ],
  "per_cluster_f1": {
    "bock": 0.6445814072932717,
    "lager": 0.4714137214137214,
    "lager_dark": 0.693556570268899,
    "pale_ale": 0.5275854366763457,
    "pilsner": 0.6531818181818182,
    "sour": 0.7384694666323113,
    "specialty": 0.3382526564344746,
    "stout": 0.688590943587149,
    "strong_ale": 0.6046855733662145,
    "porter": 0.5281707619756764,
    "wheat": 0.7747878787878788,
    "ipa": 0.6324865998601724,
    "brown_ale": 0.4,
    "saison": 0.6901444134785913
  },
  "per_cluster_n": {
    "bock": 2000,
    "lager": 2000,
    "lager_dark": 2000,
    "pale_ale": 2000,
    "pilsner": 2000,
    "sour": 2000,
    "specialty": 2000,
    "stout": 2000,
    "strong_ale": 2000,
    "porter": 2000,
    "wheat": 2000,
    "ipa": 2000,
    "brown_ale": 2000,
    "saison": 2000
  },
  "slug_sample_counts": {
    "german_doppelbock": 642,
    "german_heller_bock_maibock": 641,
    "german_bock": 642,
    "dunkles_bock": 75,
    "american_brown_ale": 250,
    "mild": 250,
    "brown_ale": 250,
    "irish_red_ale": 250,
    "scottish_export": 250,
    "american_amber_red_ale": 250,
    "german_altbier": 250,
    "french_biere_de_garde": 250,
    "american_india_pale_ale": 237,
    "double_ipa": 236,
    "british_india_pale_ale": 236,
    "black_ipa": 237,
    "white_ipa": 236,
    "red_ipa": 236,
    "rye_ipa": 236,
    "juicy_or_hazy_india_pale_ale": 134,
    "belgian_ipa": 212,
    "american_lager": 228,
    "german_maerzen": 227,
    "common_beer": 227,
    "vienna_lager": 227,
    "munich_helles": 227,
    "pale_lager": 227,
    "dortmunder_european_export": 227,
    "bamberg_maerzen_rauchbier": 227,
    "kellerbier": 90,
    "german_oktoberfest_festbier": 93,
    "german_schwarzbier": 1000,
    "munich_dunkel": 1000,
    "american_pale_ale": 273,
    "english_pale_ale": 92,
    "blonde_ale": 273,
    "american_cream_ale": 273,
    "german_koelsch": 272,
    "extra_special_bitter": 273,
    "special_bitter_or_best_bitter": 272,
    "ordinary_bitter": 272,
    "german_pilsener": 1000,
    "pre_prohibition_lager": 1000,
    "robust_porter": 500,
    "brown_porter": 500,
    "baltic_porter": 500,
    "porter": 500,
    "french_belgian_saison": 1000,
    "specialty_saison": 1000,
    "berliner_weisse": 255,
    "flanders_red_ale": 255,
    "belgian_lambic": 255,
    "belgian_fruit_lambic": 255,
    "oud_bruin": 254,
    "mixed_fermentation_sour_beer": 234,
    "gose": 202,
    "belgian_gueuze": 196,
    "brett_beer": 94,
    "specialty_beer": 333,
    "herb_and_spice_beer": 333,
    "fruit_beer": 334,
    "winter_seasonal_beer": 333,
    "smoked_beer": 333,
    "experimental_beer": 334,
    "american_imperial_stout": 334,
    "stout": 333,
    "oatmeal_stout": 333,
    "sweet_stout": 333,
    "irish_dry_stout": 333,
    "export_stout": 334,
    "belgian_tripel": 188,
    "belgian_strong_dark_ale": 188,
    "american_barley_wine_ale": 188,
    "scotch_ale_or_wee_heavy": 187,
    "belgian_strong_golden": 188,
    "old_ale": 187,
    "british_barley_wine_ale": 187,
    "american_strong_pale_ale": 188,
    "belgian_quadrupel": 123,
    "belgian_blonde_ale": 188,
    "belgian_dubbel": 188,
    "american_wheat_ale": 334,
    "south_german_hefeweizen": 333,
    "south_german_dunkel_weizen": 333,
    "south_german_weizenbock": 333,
    "german_rye_ale": 333,
    "belgian_witbier": 334
  },
  "confusion_top15": [
    {
      "true": "lager",
      "pred": "pilsner",
      "n": 438
    },
    {
      "true": "stout",
      "pred": "porter",
      "n": 383
    },
    {
      "true": "brown_ale",
      "pred": "pale_ale",
      "n": 316
    },
    {
      "true": "porter",
      "pred": "stout",
      "n": 297
    },
    {
      "true": "pilsner",
      "pred": "lager",
      "n": 230
    },
    {
      "true": "porter",
      "pred": "brown_ale",
      "n": 205
    },
    {
      "true": "specialty",
      "pred": "pale_ale",
      "n": 204
    },
    {
      "true": "bock",
      "pred": "lager_dark",
      "n": 201
    },
    {
      "true": "strong_ale",
      "pred": "ipa",
      "n": 196
    },
    {
      "true": "brown_ale",
      "pred": "porter",
      "n": 185
    },
    {
      "true": "ipa",
      "pred": "pale_ale",
      "n": 173
    },
    {
      "true": "pale_ale",
      "pred": "brown_ale",
      "n": 173
    },
    {
      "true": "bock",
      "pred": "lager",
      "n": 162
    },
    {
      "true": "specialty",
      "pred": "porter",
      "n": 158
    },
    {
      "true": "lager_dark",
      "pred": "bock",
      "n": 156
    }
  ],
  "sanity_top1": 0.58,
  "cluster_count": 14
}