{
  "A_weak_slugs_v19": {
    "belgian_quadrupel": 78,
    "dunkles_bock": 85,
    "kellerbier": 97,
    "german_oktoberfest_festbier": 100,
    "brett_beer": 101,
    "english_pale_ale": 103,
    "juicy_or_hazy_india_pale_ale": 144,
    "belgian_gueuze": 199,
    "gose": 214,
    "belgian_ipa": 218
  },
  "A_interest_slug_counts": {
    "belgian_quadrupel": 78,
    "brett_beer": 101,
    "german_oktoberfest_festbier": 100,
    "kellerbier": 97,
    "gose": 214,
    "english_pale_ale": 103,
    "belgian_ipa": 218,
    "rye_ipa": 309,
    "white_ipa": 264,
    "red_ipa": 417,
    "mixed_fermentation_sour_beer": 268,
    "belgian_gueuze": 199,
    "juicy_or_hazy_india_pale_ale": 144,
    "dunkles_bock": 85
  },
  "A_total_slugs": 125,
  "A_dataset_size": 383334,
  "B_salt_top25": {
    "gose": 72.42990654205607,
    "belgian_gueuze": 7.035175879396985,
    "berliner_weisse": 4.5682102628285355,
    "special_bitter_or_best_bitter": 2.6267110617832037,
    "dortmunder_european_export": 2.37467018469657,
    "juicy_or_hazy_india_pale_ale": 2.0833333333333335,
    "extra_special_bitter": 1.841692789968652,
    "old_ale": 1.716937354988399,
    "ordinary_bitter": 1.6991504247876061,
    "experimental_beer": 1.6908212560386473,
    "specialty_beer": 1.3381224029861258,
    "belgian_fruit_lambic": 1.320754716981132,
    "belgian_quadrupel": 1.2820512820512822,
    "british_india_pale_ale": 1.1859702245773405,
    "german_doppelbock": 1.1724137931034482,
    "mixed_fermentation_sour_beer": 1.1194029850746268,
    "brett_beer": 0.9900990099009901,
    "rye_ipa": 0.970873786407767,
    "english_pale_ale": 0.970873786407767,
    "british_barley_wine_ale": 0.9664948453608248,
    "black_ipa": 0.9523809523809523,
    "baltic_porter": 0.934094447327452,
    "scottish_export": 0.9270965023177412,
    "belgian_lambic": 0.9191176470588235,
    "south_german_hefeweizen": 0.8515967438948028
  },
  "B_salt_non_gose_samples": [
    {
      "id": "rmwoods_27",
      "name": "the red medic v2",
      "slug": "german_maerzen",
      "sorte_raw": "oktoberfest/märzen"
    },
    {
      "id": "rmwoods_81",
      "name": "the hunt for pale october - dipa",
      "slug": "double_ipa",
      "sorte_raw": "imperial ipa"
    },
    {
      "id": "rmwoods_203",
      "name": "what gose round",
      "slug": "specialty_beer",
      "sorte_raw": "specialty beer"
    },
    {
      "id": "rmwoods_362",
      "name": "barleywine test 1 (pico)",
      "slug": "british_barley_wine_ale",
      "sorte_raw": "english barleywine"
    },
    {
      "id": "rmwoods_433",
      "name": "lot no.17 mini wit pale",
      "slug": "belgian_witbier",
      "sorte_raw": "witbier"
    },
    {
      "id": "rmwoods_705",
      "name": "black perle^3",
      "slug": "robust_porter",
      "sorte_raw": "robust porter"
    },
    {
      "id": "rmwoods_731",
      "name": "dad's best bitter",
      "slug": "extra_special_bitter",
      "sorte_raw": "extra special/strong bitter (english pal"
    },
    {
      "id": "rmwoods_803",
      "name": "bourbon cherry scotch ale",
      "slug": "scotch_ale_or_wee_heavy",
      "sorte_raw": "strong scotch ale"
    },
    {
      "id": "rmwoods_899",
      "name": "fruit salad v2 (rear admiral fruit basket)",
      "slug": "specialty_beer",
      "sorte_raw": "specialty beer"
    },
    {
      "id": "rmwoods_921",
      "name": "eire red re-do",
      "slug": "irish_red_ale",
      "sorte_raw": "irish red ale"
    },
    {
      "id": "rmwoods_1043",
      "name": "mel's next esb",
      "slug": "extra_special_bitter",
      "sorte_raw": "extra special/strong bitter (english pal"
    },
    {
      "id": "rmwoods_1178",
      "name": "lancaster esb",
      "slug": "extra_special_bitter",
      "sorte_raw": "extra special/strong bitter (english pal"
    },
    {
      "id": "rmwoods_1204",
      "name": "98 db german ale",
      "slug": "german_koelsch",
      "sorte_raw": "kölsch"
    },
    {
      "id": "rmwoods_1363",
      "name": "minor miner grisette",
      "slug": "french_belgian_saison",
      "sorte_raw": "saison"
    },
    {
      "id": "rmwoods_1422",
      "name": "neapa v1 (alter ego)",
      "slug": "american_pale_ale",
      "sorte_raw": "american pale ale"
    },
    {
      "id": "rmwoods_1488",
      "name": "2015 - barleywine",
      "slug": "american_barley_wine_ale",
      "sorte_raw": "american barleywine"
    },
    {
      "id": "rmwoods_1546",
      "name": "black knight porter",
      "slug": "robust_porter",
      "sorte_raw": "robust porter"
    },
    {
      "id": "rmwoods_1739",
      "name": "pliny clone",
      "slug": "double_ipa",
      "sorte_raw": "imperial ipa"
    },
    {
      "id": "rmwoods_1775",
      "name": "cotton headed ninny muggins",
      "slug": "winter_seasonal_beer",
      "sorte_raw": "christmas/winter specialty spiced beer"
    },
    {
      "id": "rmwoods_1836",
      "name": "amberican ordinary (ag)",
      "slug": "ordinary_bitter",
      "sorte_raw": "standard/ordinary bitter"
    }
  ],
  "C_neipa_total": 144,
  "C_neipa_dpl_p25_p50_p75_max": [
    0.0,
    5.2,
    8.17,
    38.49
  ],
  "C_neipa_lhp_p25_p50_p75_max": [
    16.7,
    44.4,
    80.8,
    100.0
  ],
  "C_aipa_dpl_p50_p75": [
    1.56,
    3.33
  ],
  "D_white_ipa_total": 264,
  "D_white_ipa_confusion": {
    "american_india_pale_ale": 118,
    "white_ipa": 93,
    "american_pale_ale": 20,
    "american_wheat_ale": 12,
    "french_belgian_saison": 5,
    "double_ipa": 4,
    "belgian_witbier": 2,
    "specialty_saison": 2,
    "specialty_beer": 2,
    "south_german_hefeweizen": 2
  },
  "D_white_ipa_features": {
    "has_coriander_pct": 17.0,
    "has_orange_peel_pct": 17.8,
    "yeast_witbier_pct": 11.4
  },
  "E_brett_total": 101,
  "E_brett_strain_breakdown": {
    "bruxellensis": 20,
    "trois": 10,
    "clausenii": 0,
    "lambicus": 2,
    "wlp_id": 22,
    "wy_id": 5,
    "no_specific_strain": 73
  },
  "E_brett_samples": [
    {
      "id": "tmf_brett-pale-ale.html",
      "name": "Brett Pale Ale",
      "detected": [],
      "yeast_text": ""
    },
    {
      "id": "byo_108186",
      "name": "All-Grain",
      "detected": [],
      "yeast_text": ""
    },
    {
      "id": "byo_alem-biers-muscat-brett-saison-clone",
      "name": "Favorite Add to Favorites Alem Bier’s Mu",
      "detected": [],
      "yeast_text": ""
    },
    {
      "id": "byo_anchorage-brewing-company-love-buzz-clone",
      "name": "All-Grain",
      "detected": [],
      "yeast_text": ""
    },
    {
      "id": "byo_belgian-strong-ale",
      "name": "Belgian-Style Golden Strong Ale",
      "detected": [],
      "yeast_text": ""
    },
    {
      "id": "byo_black-velvet-stout",
      "name": "Black Velvet Stout",
      "detected": [],
      "yeast_text": ""
    },
    {
      "id": "byo_bruery-terreux-saison-rue-clone",
      "name": "Terreux Saison Rue clone",
      "detected": [],
      "yeast_text": ""
    },
    {
      "id": "byo_cairn-100-brett-ipa",
      "name": "All-Grain",
      "detected": [],
      "yeast_text": ""
    },
    {
      "id": "byo_dark-winter-saison",
      "name": "All-Grain",
      "detected": [],
      "yeast_text": ""
    },
    {
      "id": "byo_fair-isle-brewings-madame-r-galle-clone",
      "name": "Favorite Add to Favorites All-Grain Reci",
      "detected": [],
      "yeast_text": ""
    },
    {
      "id": "byo_flanders-red-recipe",
      "name": "Favorite Add to Favorites Flanders Red",
      "detected": [],
      "yeast_text": ""
    },
    {
      "id": "byo_hill-farmstead-brewerys-old-world-wild-mary-pilsner-clone",
      "name": "Wild Mary Pilsner clone",
      "detected": [],
      "yeast_text": ""
    },
    {
      "id": "byo_modern-times-beer-southern-lands-ipa-clone",
      "name": "All-Grain",
      "detected": [],
      "yeast_text": ""
    },
    {
      "id": "byo_molasses-kissed-vanilla-porter",
      "name": "Favorite Add to Favorites James Spencer'",
      "detected": [],