{
  "mean": [
    1.0577320530660013,
    1.0132415476318668,
    5.748816769501742,
    34.0547131397098,
    14.394499118194203,
    22.09096882747344,
    20.652753246020197,
    7.915765888739158,
    2.8524041185760325,
    8.371521183364093,
    0.8853479424542473,
    0.7569647061320789,
    4.099480299858651,
    0.9821291198822505,
    0.7571182365510065,
    0.33971176524832847,
    0.8054417650941211,
    0.3776732361242723,
    2.0228061783088043,
    1.2557597085870802,
    0.07055882352941177,
    0.03661764705882353,
    0.05123529411764706,
    0.0006470588235294118,
    0.20858823529411766,
    0.23523529411764707,
    0.11270588235294117,
    0.02985294117647059,
    0.0245,
    0.03870588235294117,
    0.018647058823529412,
    0.010735294117647058,
    0.01858823529411765,
    0.41361764705882353,
    0.1708529411764706,
    0.32938235294117646,
    0.13723529411764707,
    0.02911764705882353,
    0.06926470588235294,
    0.09185294117647058,
    0.024529411764705883,
    0.013323529411764706,
    0.0012058823529411764,
    0.006588235294117647,
    0.7675,
    0.02038235294117647,
    0.010588235294117647,
    0.0013823529411764706,
    0.04261764705882353,
    0.04420588235294118,
    0.004382352941176471,
    0.008764705882352942,
    0.01626470588235294,
    0.017294117647058824,
    0.421539703506319,
    32.961561614055846
  ],
  "scale": [
    0.017102076306827776,
    0.026795184941275346,
    1.650550167102696,
    22.79687810739737,
    12.950969892384656,
    32.273954294682845,
    32.06248205541709,
    17.967905140023735,
    10.776563542397387,
    18.320732386066226,
    3.197873360046629,
    4.54838331055408,
    5.974695845282297,
    2.4266603312358974,
    2.3674612798824017,
    3.5309838228157666,
    3.8496346274470077,
    2.9521108104909874,
    7.156338916184952,
    3.689017700126399,
    0.2560864618669731,
    0.18782117820602082,
    0.22047729759392026,
    0.02542911989055641,
    0.40629937655751547,
    0.4241457892269899,
    0.3162329306635225,
    0.1701815004034124,
    0.15459543977763943,
    0.19289307147800627,
    0.13527507538625028,
    0.10305361506446321,
    0.13506558704112495,
    0.49248156219321393,
    0.37638041084494406,
    0.469988955734234,
    0.34409557998638707,
    0.16813628308180723,
    0.25390373451642995,
    0.2888182445306061,
    0.15468587434923498,
    0.1146560638421768,
    0.03470487286666027,
    0.08090012638944048,
    1.802343959958621,
    0.1413043262952202,
    0.1023529411764908,
    0.03715430044453665,
    0.20199352271293244,
    0.20555223744425896,
    0.06605412874207005,
    0.0932088290514822,
    0.12649175951386826,
    0.13036499201038038,
    2.5807674801138383,
    26.98485489522527
  ],
  "n_neighbors": 5,
  "weights": "distance",
  "metric": "minkowski"
}