{"mean": [1.058419396259955, 1.0131811538253512, 5.825394648151739, 33.142562597360396, 15.693707854877625, 22.68352786058407, 18.371201069795394, 9.710070001550019, 3.1443332172536422, 7.849157502453242, 0.8847325011608856, 1.356669643585171, 3.9799400041873034, 1.044371073766811, 0.880768215272376, 0.8389960715744113, 0.8530796426700961, 0.38275857229530813, 1.8885542864097016, 1.210440716644616, 0.09596428571428571, 0.031392857142857146, 0.064, 0.0020357142857142857, 0.24146428571428571, 0.21575, 0.20439285714285715, 0.039214285714285715, 0.014821428571428572, 0.05996428571428571, 0.032285714285714286, 0.011, 0.03189285714285714, 0.3658571428571429, 0.18489285714285714, 0.3596785714285714, 0.13985714285714285, 0.027321428571428573, 0.0565, 0.08328571428571428, 0.027714285714285716, 0.013214285714285715, 0.0025357142857142857, 0.00775, 0.6914285714285714, 0.03207142857142857, 0.010678571428571428, 0.00225, 0.02989285714285714, 0.030285714285714287, 0.002214285714285714, 0.013535714285714286, 0.02007142857142857, 0.0225, 0.39892821231211667, 31.064935574434166], "scale": [0.018244890532765876, 0.030067593815225516, 1.643796981416193, 21.499222641497212, 13.253512341798052, 32.13907318621828, 30.43518431712917, 19.891591662150805, 11.361096301900474, 17.800940158859742, 3.153799460093458, 6.69198080718296, 5.9133023288820565, 2.519874886521816, 2.5948181609420575, 6.066549949079585, 4.027756961356243, 3.0731838322174894, 6.685383906214718, 3.5377622127834543, 0.294542257718003, 0.17437702160339297, 0.24475293665237138, 0.04507294258267595, 0.42797112570689905, 0.4113416311290842, 0.40325725919287453, 0.19410441908983822, 0.1208377169038333, 0.23742066075442178, 0.17675787659614278, 0.10430244484188139, 0.1757148337680354, 0.4816696937503441, 0.3882106239148464, 0.4799061332007665, 0.346838755690643, 0.1630183060647938, 0.23088471149037382, 0.276313597352023, 0.16415298986501833, 0.11419136730658884, 0.05029199179566772, 0.08769228871458126, 1.7259980845167344, 0.17618981820986795, 0.10278394592936273, 0.047380771416266454, 0.17029173272562492, 0.17137237174034556, 0.047004070600973565, 0.11555301261535567, 0.1402446659468394, 0.14830289949958284, 1.4007062461732178, 26.94454454797282], "features": ["og", "fg", "abv", "ibu", "srm", "pct_pilsner", "pct_pale_ale", "pct_munich", "pct_vienna", "pct_wheat", "pct_oats", "pct_rye", "pct_crystal", "pct_choc", "pct_roast", "pct_smoked", "pct_corn", "pct_rice", "pct_sugar", "pct_aromatic_abbey", "yeast_belgian", "yeast_abbey", "yeast_saison", "yeast_kveik", "yeast_english", "yeast_american", "yeast_german_lager", "yeast_kolsch", "yeast_witbier", "yeast_wheat_german", "yeast_brett", "yeast_lacto", "yeast_sour_blend", "hop_american_c", "hop_english", "hop_german", "hop_czech_saaz", "hop_nz", "katki_fruit", "katki_spice_herb", "katki_chocolate", "katki_coffee", "katki_smoke", "katki_lactose", "dry_hop_days", "has_brett", "has_lacto", "is_mixed_fermentation", "has_coriander", "has_orange_peel", "has_chamomile", "has_salt", "has_dry_hop_heavy", "has_whirlpool_heavy", "dry_hop_grams_per_liter", "late_hop_pct"]}