{"mean": [1.0584056426329271, 1.0131743073931763, 5.824395005490099, 33.16316256187264, 15.670986069193908, 22.721640002973977, 18.36249785582169, 9.675843930285955, 3.1309878594949843, 8.016866073876619, 0.8899167866696205, 1.17172250104802, 3.974242861320198, 1.0446882166341613, 0.8814046438283819, 0.8355342858577414, 0.8518482140894713, 0.37795464380112076, 1.8958732150106559, 1.20819071657796, 0.09617857142857143, 0.031464285714285715, 0.064, 0.0020357142857142857, 0.24146428571428571, 0.21653571428571428, 0.2042857142857143, 0.038964285714285715, 0.014857142857142857, 0.05925, 0.03225, 0.010964285714285715, 0.03192857142857143, 0.36657142857142855, 0.18492857142857144, 0.35932142857142857, 0.1392857142857143, 0.027214285714285715, 0.05689285714285714, 0.08428571428571428, 0.027678571428571427, 0.013214285714285715, 0.0025357142857142857, 0.00775, 0.6905357142857143, 0.032035714285714285, 0.010642857142857143, 0.00225, 0.030071428571428572, 0.030785714285714284, 0.0021785714285714286, 0.0135, 0.02007142857142857, 0.02242857142857143, 0.3992367837661212, 31.02430700437139], "scale": [0.018248558232028263, 0.030067239248549187, 1.6446300750216125, 21.461908612770372, 13.262888950807307, 32.1457913923624, 30.450167245904137, 19.889790153454538, 11.316293391794368, 18.009094280654924, 3.1698356936040875, 6.0232650543832875, 5.892754467560184, 2.52133931945166, 2.598341520149301, 6.059114753917371, 4.02713885162168, 3.075853256489144, 6.68666498529142, 3.5458859060451657, 0.29483597783600607, 0.17456885300296243, 0.24475293665237138, 0.04507294258267595, 0.42797112570689905, 0.41188347712000983, 0.4031786963923423, 0.19350987094472644, 0.12098102398005943, 0.2360920106653403, 0.17666334509456944, 0.10413486521359207, 0.17580994782750253, 0.48186804866737093, 0.3882396101610691, 0.47980156267026514, 0.34624442823181506, 0.16270730889350019, 0.2316377774651384, 0.2778158250587162, 0.16405019997623274, 0.1141913673065888, 0.05029199179566702, 0.08769228871458126, 1.7250620274999355, 0.17609493830297446, 0.10261377458556911, 0.047380771416266454, 0.17078389196615204, 0.17273666108165028, 0.04662429897705901, 0.1154025562975347, 0.14024466594683938, 0.1480727206889875, 1.4079235512300412, 26.941561036268492], "features": ["og", "fg", "abv", "ibu", "srm", "pct_pilsner", "pct_pale_ale", "pct_munich", "pct_vienna", "pct_wheat", "pct_oats", "pct_rye", "pct_crystal", "pct_choc", "pct_roast", "pct_smoked", "pct_corn", "pct_rice", "pct_sugar", "pct_aromatic_abbey", "yeast_belgian", "yeast_abbey", "yeast_saison", "yeast_kveik", "yeast_english", "yeast_american", "yeast_german_lager", "yeast_kolsch", "yeast_witbier", "yeast_wheat_german", "yeast_brett", "yeast_lacto", "yeast_sour_blend", "hop_american_c", "hop_english", "hop_german", "hop_czech_saaz", "hop_nz", "katki_fruit", "katki_spice_herb", "katki_chocolate", "katki_coffee", "katki_smoke", "katki_lactose", "dry_hop_days", "has_brett", "has_lacto", "is_mixed_fermentation", "has_coriander", "has_orange_peel", "has_chamomile", "has_salt", "has_dry_hop_heavy", "has_whirlpool_heavy", "dry_hop_grams_per_liter", "late_hop_pct"]}