{"mean": [1.05876957865698, 1.013387432809387, 5.854925004810095, 33.099525822057785, 15.783938206371719, 22.75819108086598, 18.617744283116224, 9.715551432280868, 3.077708217815097, 7.708925363264179, 0.936070715991514, 1.266013570449182, 3.989858933257737, 1.0590957168598791, 0.8746182151351656, 0.8227225007667606, 0.8224507147140269, 0.34061071456769215, 1.977141429187996, 1.2293128593301932, 0.06003571428571428, 0.03642857142857143, 0.05057142857142857, 0.0018571428571428571, 0.21296428571428572, 0.1792857142857143, 0.1399642857142857, 0.03357142857142857, 0.01525, 0.04257142857142857, 0.022821428571428572, 0.009607142857142857, 0.023642857142857143, 0.37025, 0.18110714285714286, 0.35478571428571426, 0.14010714285714285, 0.0265, 0.05775, 0.08232142857142857, 0.02810714285714286, 0.013928571428571429, 0.0027142857142857142, 0.0074285714285714285, 0.6753571428571429, 0.025535714285714287, 0.00932142857142857, 0.0017142857142857142, 0.03275, 0.03132142857142857, 0.002142857142857143, 0.013428571428571429, 0.02007142857142857, 0.02267857142857143, 0.39407785497366316, 31.271871281845762], "scale": [0.01723418198713397, 0.028183211887179108, 1.6531873640414319, 21.47541256462929, 13.151743069369498, 32.25163572950761, 30.702990596999594, 19.794433552909755, 11.224583641066282, 17.371927834898013, 3.323388270654466, 6.365661068021178, 5.839504089131029, 2.655000289192461, 2.663202190570233, 5.918737232162583, 3.9500743782008443, 2.6867997346675256, 6.9494850586141865, 3.637885092896242, 0.23755299892004958, 0.18735402480930222, 0.21912087801866903, 0.04305454537618755, 0.4094026120147433, 0.38359138016752947, 0.34694997397138, 0.1801232571187935, 0.1225456547577353, 0.20188883584988118, 0.14933389089346424, 0.09754407036444598, 0.1519337765244058, 0.4828715538317998, 0.38510692757114945, 0.47844833704857065, 0.3470981581304025, 0.16061677994533663, 0.23327009559732695, 0.2748537992631408, 0.1652789501949474, 0.11719456611350154, 0.05202805365710791, 0.08586843282081973, 1.7089992521584794, 0.15774549623245238, 0.09609651159544512, 0.041368429251968965, 0.1779815650565973, 0.17418494964740538, 0.04624138088468558, 0.11510102040361966, 0.14024466594683624, 0.1488766396267422, 1.412389710016329, 26.879884354887704], "features": ["og", "fg", "abv", "ibu", "srm", "pct_pilsner", "pct_pale_ale", "pct_munich", "pct_vienna", "pct_wheat", "pct_oats", "pct_rye", "pct_crystal", "pct_choc", "pct_roast", "pct_smoked", "pct_corn", "pct_rice", "pct_sugar", "pct_aromatic_abbey", "yeast_belgian", "yeast_abbey", "yeast_saison", "yeast_kveik", "yeast_english", "yeast_american", "yeast_german_lager", "yeast_kolsch", "yeast_witbier", "yeast_wheat_german", "yeast_brett", "yeast_lacto", "yeast_sour_blend", "hop_american_c", "hop_english", "hop_german", "hop_czech_saaz", "hop_nz", "katki_fruit", "katki_spice_herb", "katki_chocolate", "katki_coffee", "katki_smoke", "katki_lactose", "dry_hop_days", "has_brett", "has_lacto", "is_mixed_fermentation", "has_coriander", "has_orange_peel", "has_chamomile", "has_salt", "has_dry_hop_heavy", "has_whirlpool_heavy", "dry_hop_grams_per_liter", "late_hop_pct"]}