{"mean": [1.0583849177275386, 1.013132618214403, 5.822475362637213, 33.11347584697225, 15.72161214031492, 22.71583821804615, 18.323913570861464, 9.688223216417645, 3.1363167888256056, 7.829860359372837, 0.8993307152230825, 1.3559771430449827, 3.980841432549392, 1.0452917880025425, 0.8849817866196723, 0.8362103572248348, 0.8544196427801092, 0.3847642864964104, 1.9011303578663086, 1.2107803594454059, 0.09760714285714285, 0.03132142857142857, 0.06410714285714286, 0.0020357142857142857, 0.24160714285714285, 0.21510714285714286, 0.2045357142857143, 0.039, 0.01632142857142857, 0.0585, 0.03232142857142857, 0.011, 0.031964285714285716, 0.3658214285714286, 0.18514285714285714, 0.35864285714285715, 0.14017857142857143, 0.02692857142857143, 0.05789285714285714, 0.08425, 0.027857142857142858, 0.013214285714285715, 0.0025357142857142857, 0.007821428571428571, 0.6898214285714286, 0.032107142857142855, 0.010678571428571428, 0.00225, 0.031035714285714285, 0.031964285714285716, 0.0020357142857142857, 0.013464285714285715, 0.020178571428571428, 0.02239285714285714, 0.3988521409103248, 31.036239145590258], "scale": [0.018249322575554738, 0.030671267868629188, 1.6450126393389777, 21.46702775695823, 13.261711592172546, 32.14228340199645, 30.426680816447455, 19.880574264133738, 11.351011490431544, 17.73353833463832, 3.177305336231186, 6.705564582345386, 5.87123788178392, 2.519218280739739, 2.612431554075637, 6.049670956558415, 4.033467076023794, 3.0775823334694965, 6.724438783340952, 3.5387884173214497, 0.2967827294847168, 0.1741849496474143, 0.24494370188242442, 0.04507294258267595, 0.42805739262102616, 0.4108966536113083, 0.4033619415205905, 0.1935949379503887, 0.12670848251326344, 0.23468649300717295, 0.17685235035624527, 0.10430244484188139, 0.17590500320647395, 0.4816597460545494, 0.388413413249203, 0.47960208315134123, 0.3471722044474523, 0.16187471534923772, 0.2335407335663347, 0.2777623759619234, 0.16456342986513, 0.11419136730658884, 0.05029199179566772, 0.08809230287903301, 1.7243124831487837, 0.17628463981499384, 0.10278394592936273, 0.047380771416266454, 0.1734142402586715, 0.1759050032064742, 0.04507294258267597, 0.1152518924985267, 0.14061079860263015, 0.1479574840684016, 1.4014773690037605, 26.935339299654387], "features": ["og", "fg", "abv", "ibu", "srm", "pct_pilsner", "pct_pale_ale", "pct_munich", "pct_vienna", "pct_wheat", "pct_oats", "pct_rye", "pct_crystal", "pct_choc", "pct_roast", "pct_smoked", "pct_corn", "pct_rice", "pct_sugar", "pct_aromatic_abbey", "yeast_belgian", "yeast_abbey", "yeast_saison", "yeast_kveik", "yeast_english", "yeast_american", "yeast_german_lager", "yeast_kolsch", "yeast_witbier", "yeast_wheat_german", "yeast_brett", "yeast_lacto", "yeast_sour_blend", "hop_american_c", "hop_english", "hop_german", "hop_czech_saaz", "hop_nz", "katki_fruit", "katki_spice_herb", "katki_chocolate", "katki_coffee", "katki_smoke", "katki_lactose", "dry_hop_days", "has_brett", "has_lacto", "is_mixed_fermentation", "has_coriander", "has_orange_peel", "has_chamomile", "has_salt", "has_dry_hop_heavy", "has_whirlpool_heavy", "dry_hop_grams_per_liter", "late_hop_pct"]}