{"mean": [1.0585435856112413, 1.0131794895700046, 5.8419721488697185, 33.231262561257864, 15.77708035430738, 22.66977964477833, 18.41674928477493, 9.751711430995591, 3.149759645718549, 7.745362505054899, 0.899003215428974, 1.2858760719576052, 3.9850532185161884, 1.0521496452189583, 0.882846429572108, 0.8363371430779142, 0.8541385712960203, 0.37479178614249187, 1.9035357148429113, 1.2191035738395792, 0.09735714285714285, 0.031642857142857146, 0.06407142857142857, 0.0020714285714285713, 0.24207142857142858, 0.21753571428571428, 0.20475, 0.039392857142857146, 0.016107142857142858, 0.055142857142857146, 0.03232142857142857, 0.01107142857142857, 0.03207142857142857, 0.3673214285714286, 0.18514285714285714, 0.35775, 0.13835714285714285, 0.02692857142857143, 0.05775, 0.08435714285714285, 0.027964285714285716, 0.013178571428571428, 0.0025714285714285713, 0.007785714285714286, 0.6941071428571428, 0.032107142857142855, 0.01075, 0.00225, 0.031107142857142858, 0.03207142857142857, 0.0024285714285714284, 0.013428571428571429, 0.020178571428571428, 0.02239285714285714, 0.40228249810083905, 31.117482002944286], "scale": [0.01929402870506369, 0.03067225399320742, 1.6422573263272724, 21.490924100281344, 13.260570519738634, 32.14092314120002, 30.45475450082583, 19.900435243115737, 11.337591378766728, 17.373712744418167, 3.188276898948458, 6.405626882344095, 5.855905607659224, 2.5231926716328537, 2.5965768168708236, 6.058033319501952, 4.0356498330071675, 2.9880455971473103, 6.717288030972244, 3.549947400199946, 0.2964434677840162, 0.17504738425550398, 0.24488013519313795, 0.04546578664340051, 0.42833731105387646, 0.41256990595036486, 0.40351881926378885, 0.19452778708703738, 0.1258876594671757, 0.22825889347181738, 0.1768523503562447, 0.10463676237734228, 0.1761898182098669, 0.4820750944445055, 0.38841341324920287, 0.47933802008599496, 0.3452744471829853, 0.16187471534923675, 0.23327009559733256, 0.2779226786466037, 0.16487050809280346, 0.11403901386661258, 0.05064401570304903, 0.08789253061993704, 1.7288004478598593, 0.17628463981499384, 0.10312340907865955, 0.047380771416266454, 0.1736072824521174, 0.17618981820983814, 0.04922066100112636, 0.11510102040361983, 0.14061079860263015, 0.14795748406840153, 1.4225771267780167, 26.938763139340587], "features": ["og", "fg", "abv", "ibu", "srm", "pct_pilsner", "pct_pale_ale", "pct_munich", "pct_vienna", "pct_wheat", "pct_oats", "pct_rye", "pct_crystal", "pct_choc", "pct_roast", "pct_smoked", "pct_corn", "pct_rice", "pct_sugar", "pct_aromatic_abbey", "yeast_belgian", "yeast_abbey", "yeast_saison", "yeast_kveik", "yeast_english", "yeast_american", "yeast_german_lager", "yeast_kolsch", "yeast_witbier", "yeast_wheat_german", "yeast_brett", "yeast_lacto", "yeast_sour_blend", "hop_american_c", "hop_english", "hop_german", "hop_czech_saaz", "hop_nz", "katki_fruit", "katki_spice_herb", "katki_chocolate", "katki_coffee", "katki_smoke", "katki_lactose", "dry_hop_days", "has_brett", "has_lacto", "is_mixed_fermentation", "has_coriander", "has_orange_peel", "has_chamomile", "has_salt", "has_dry_hop_heavy", "has_whirlpool_heavy", "dry_hop_grams_per_liter", "late_hop_pct"]}