{"mean": [1.0583950927257537, 1.01313449674419, 5.823499291194337, 33.150014739279705, 15.734636426118868, 22.668311432791675, 18.349813214355017, 9.705780359223485, 3.151841074491186, 7.86097250322146, 0.8867539297182645, 1.3479921427326542, 3.98394321833052, 1.0470671451590023, 0.8845185723201637, 0.8336489286821868, 0.8528299998211275, 0.3841389293476407, 1.9003153579426664, 1.2085457166906979, 0.09485714285714286, 0.03125, 0.06425, 0.0020357142857142857, 0.24185714285714285, 0.2155, 0.20460714285714285, 0.039107142857142854, 0.013857142857142858, 0.06042857142857143, 0.03232142857142857, 0.011107142857142857, 0.03189285714285714, 0.3658571428571429, 0.18457142857142858, 0.3605357142857143, 0.14, 0.02692857142857143, 0.05682142857142857, 0.08328571428571428, 0.027785714285714285, 0.013214285714285715, 0.0025714285714285713, 0.007785714285714286, 0.6917857142857143, 0.032107142857142855, 0.010785714285714286, 0.00225, 0.029714285714285714, 0.030964285714285715, 0.001892857142857143, 0.0135, 0.020142857142857143, 0.022714285714285715, 0.4000789266148183, 31.03508557378022], "scale": [0.018247621289697882, 0.03067091533982966, 1.6446038052751295, 21.523074524002187, 13.2626147720504, 32.1362526954256, 30.42420268772013, 19.88224211628216, 11.376306348093395, 17.788427694166604, 3.155762904223661, 6.673105340579014, 5.869069544935514, 2.521858303154396, 2.6122975110245394, 6.044561334363028, 4.0296581711148765, 3.073551375887181, 6.70286044737289, 3.5332612723364893, 0.29301751706360846, 0.17399263633843817, 0.24519775182497802, 0.04507294258267595, 0.42820820322140873, 0.4111687609729932, 0.4034142535273656, 0.19384987550853808, 0.11689791464768311, 0.2382791622942998, 0.17685235035624527, 0.10480350296956153, 0.1757148337680354, 0.4816696937503441, 0.38794950228923714, 0.48015592572649685, 0.3469870314580125, 0.16187471534923772, 0.23150108817567308, 0.276313597352023, 0.16435835350642988, 0.11419136730658884, 0.05064401570304831, 0.08789253061993704, 1.7263722359157596, 0.17628463981499384, 0.10329270377453136, 0.047380771416266454, 0.16979795917140367, 0.17322095347991037, 0.04346578234305772, 0.1154025562975347, 0.14048886948429354, 0.1489910968439456, 1.4025333718867248, 26.937837769551386], "features": ["og", "fg", "abv", "ibu", "srm", "pct_pilsner", "pct_pale_ale", "pct_munich", "pct_vienna", "pct_wheat", "pct_oats", "pct_rye", "pct_crystal", "pct_choc", "pct_roast", "pct_smoked", "pct_corn", "pct_rice", "pct_sugar", "pct_aromatic_abbey", "yeast_belgian", "yeast_abbey", "yeast_saison", "yeast_kveik", "yeast_english", "yeast_american", "yeast_german_lager", "yeast_kolsch", "yeast_witbier", "yeast_wheat_german", "yeast_brett", "yeast_lacto", "yeast_sour_blend", "hop_american_c", "hop_english", "hop_german", "hop_czech_saaz", "hop_nz", "katki_fruit", "katki_spice_herb", "katki_chocolate", "katki_coffee", "katki_smoke", "katki_lactose", "dry_hop_days", "has_brett", "has_lacto", "is_mixed_fermentation", "has_coriander", "has_orange_peel", "has_chamomile", "has_salt", "has_dry_hop_heavy", "has_whirlpool_heavy", "dry_hop_grams_per_liter", "late_hop_pct"]}