{"mean": [1.0583982141699109, 1.0131381646692752, 5.8234250051932674, 33.13619974112557, 15.724993926318628, 22.739819646509698, 18.32762285690409, 9.694400359386844, 3.1306353604442307, 7.838711788435067, 0.8960660725204008, 1.3474514287837913, 3.9845296469850333, 1.0459435737296008, 0.8856642865925096, 0.8333096430828528, 0.8567278571337728, 0.3816571436372719, 1.9024871434766266, 1.209657859536686, 0.09725, 0.03132142857142857, 0.06407142857142857, 0.0020357142857142857, 0.24171428571428571, 0.21528571428571427, 0.20467857142857143, 0.039142857142857146, 0.015821428571428573, 0.05871428571428571, 0.032285714285714286, 0.011, 0.03192857142857143, 0.36614285714285716, 0.18514285714285714, 0.35928571428571426, 0.14010714285714285, 0.027071428571428573, 0.05753571428571429, 0.08357142857142857, 0.02782142857142857, 0.013214285714285715, 0.0025357142857142857, 0.007785714285714286, 0.6921428571428572, 0.03207142857142857, 0.010678571428571428, 0.00225, 0.03067857142857143, 0.0315, 0.002, 0.013571428571428571, 0.020178571428571428, 0.022535714285714287, 0.39995535517211206, 30.992721288106804], "scale": [0.01825042593793257, 0.030671130184671283, 1.6449567770797988, 21.482348111681414, 13.264165749030463, 32.15391601803173, 30.433700608782953, 19.891290851186486, 11.343401594492674, 17.763524596915175, 3.1671883413312503, 6.653199135386091, 5.873027868807071, 2.519695424795509, 2.6166476176340905, 6.046561655335308, 4.042476218712855, 3.0686596502649595, 6.722717193590561, 3.5368903213823284, 0.296297886425142, 0.1741849496474143, 0.24488013519313795, 0.04507294258267595, 0.4281220501164384, 0.4110204076565078, 0.4034665461059251, 0.19393476706758808, 0.12478425769859411, 0.23508917109759198, 0.17675787659614278, 0.10430244484188139, 0.17580994782750253, 0.48174917260556965, 0.388413413249203, 0.47979108974197937, 0.347098158130401, 0.16229160892216302, 0.23286338455698333, 0.2767440060741289, 0.16446092752894134, 0.11419136730658884, 0.05029199179566772, 0.08789253061993704, 1.7267462323743807, 0.17618981820986795, 0.10278394592936273, 0.047380771416266454, 0.17244534404753872, 0.1746646787418668, 0.04467661580737746, 0.11570326226152143, 0.14061079860263015, 0.1484178421462211, 1.4024246041981896, 26.92170643540781], "features": ["og", "fg", "abv", "ibu", "srm", "pct_pilsner", "pct_pale_ale", "pct_munich", "pct_vienna", "pct_wheat", "pct_oats", "pct_rye", "pct_crystal", "pct_choc", "pct_roast", "pct_smoked", "pct_corn", "pct_rice", "pct_sugar", "pct_aromatic_abbey", "yeast_belgian", "yeast_abbey", "yeast_saison", "yeast_kveik", "yeast_english", "yeast_american", "yeast_german_lager", "yeast_kolsch", "yeast_witbier", "yeast_wheat_german", "yeast_brett", "yeast_lacto", "yeast_sour_blend", "hop_american_c", "hop_english", "hop_german", "hop_czech_saaz", "hop_nz", "katki_fruit", "katki_spice_herb", "katki_chocolate", "katki_coffee", "katki_smoke", "katki_lactose", "dry_hop_days", "has_brett", "has_lacto", "is_mixed_fermentation", "has_coriander", "has_orange_peel", "has_chamomile", "has_salt", "has_dry_hop_heavy", "has_whirlpool_heavy", "dry_hop_grams_per_liter", "late_hop_pct"]}