{
  "cv_top1_mean": 0.6046071428571429,
  "cv_top1_std": 0.006416059252105687,
  "cv_top3_mean": 0.7988571428571428,
  "cv_macro_f1": 0.6007961847691422,
  "fold_top1": [
    0.5982142857142857,
    0.6142857142857143,
    0.5994642857142857,
    0.6101785714285715,
    0.6008928571428571
  ],
  "per_cluster_f1": {
    "brown_ale": 0.39978762941332624,
    "ipa": 0.6347947761194029,
    "strong_ale": 0.6052696380201921,
    "pilsner": 0.6550936500685245,
    "lager_dark": 0.6958068614993647,
    "pale_ale": 0.5365962180200222,
    "porter": 0.527363184079602,
    "wheat": 0.7748488512696493,
    "lager": 0.47309591889784247,
    "bock": 0.645426515930113,
    "saison": 0.6904761904761905,
    "sour": 0.7474851689450606,
    "stout": 0.687515762925599,
    "specialty": 0.3384433962264151
  },
  "per_cluster_n": {
    "brown_ale": 2000,
    "ipa": 2000,
    "strong_ale": 2000,
    "pilsner": 2000,
    "lager_dark": 2000,
    "pale_ale": 2000,
    "porter": 2000,
    "wheat": 2000,
    "lager": 2000,
    "bock": 2000,
    "saison": 2000,
    "sour": 2000,
    "stout": 2000,
    "specialty": 2000
  },
  "slug_sample_counts": {
    "german_doppelbock": 642,
    "german_heller_bock_maibock": 641,
    "german_bock": 642,
    "dunkles_bock": 75,
    "american_brown_ale": 250,
    "mild": 250,
    "brown_ale": 250,
    "irish_red_ale": 250,
    "scottish_export": 250,
    "american_amber_red_ale": 250,
    "german_altbier": 250,
    "french_biere_de_garde": 250,
    "american_india_pale_ale": 237,
    "double_ipa": 236,
    "british_india_pale_ale": 236,
    "black_ipa": 237,
    "white_ipa": 236,
    "red_ipa": 236,
    "rye_ipa": 236,
    "juicy_or_hazy_india_pale_ale": 134,
    "belgian_ipa": 212,
    "american_lager": 228,
    "german_maerzen": 227,
    "common_beer": 227,
    "vienna_lager": 227,
    "munich_helles": 227,
    "pale_lager": 227,
    "dortmunder_european_export": 227,
    "bamberg_maerzen_rauchbier": 227,
    "kellerbier": 90,
    "german_oktoberfest_festbier": 93,
    "german_schwarzbier": 1000,
    "munich_dunkel": 1000,
    "american_pale_ale": 273,
    "english_pale_ale": 92,
    "blonde_ale": 273,
    "american_cream_ale": 273,
    "german_koelsch": 272,
    "extra_special_bitter": 273,
    "special_bitter_or_best_bitter": 272,
    "ordinary_bitter": 272,
    "german_pilsener": 1000,
    "pre_prohibition_lager": 1000,
    "robust_porter": 500,
    "brown_porter": 500,
    "baltic_porter": 500,
    "porter": 500,
    "french_belgian_saison": 1000,
    "specialty_saison": 1000,
    "berliner_weisse": 255,
    "flanders_red_ale": 255,
    "belgian_lambic": 255,
    "belgian_fruit_lambic": 255,
    "oud_bruin": 254,
    "mixed_fermentation_sour_beer": 234,
    "gose": 202,
    "belgian_gueuze": 196,
    "brett_beer": 94,
    "specialty_beer": 333,
    "herb_and_spice_beer": 333,
    "fruit_beer": 334,
    "winter_seasonal_beer": 333,
    "smoked_beer": 333,
    "experimental_beer": 334,
    "american_imperial_stout": 334,
    "stout": 333,
    "oatmeal_stout": 333,
    "sweet_stout": 333,
    "irish_dry_stout": 333,
    "export_stout": 334,
    "belgian_tripel": 188,
    "belgian_strong_dark_ale": 188,
    "american_barley_wine_ale": 188,
    "scotch_ale_or_wee_heavy": 187,
    "belgian_strong_golden": 188,
    "old_ale": 187,
    "british_barley_wine_ale": 187,
    "american_strong_pale_ale": 188,
    "belgian_quadrupel": 123,
    "belgian_blonde_ale": 188,
    "belgian_dubbel": 188,
    "american_wheat_ale": 334,
    "south_german_hefeweizen": 333,
    "south_german_dunkel_weizen": 333,
    "south_german_weizenbock": 333,
    "german_rye_ale": 333,
    "belgian_witbier": 334
  },
  "confusion_top15": [
    {
      "true": "lager",
      "pred": "pilsner",
      "n": 449
    },
    {
      "true": "stout",
      "pred": "porter",
      "n": 380
    },
    {
      "true": "brown_ale",
      "pred": "pale_ale",
      "n": 322
    },
    {
      "true": "porter",
      "pred": "stout",
      "n": 303
    },
    {
      "true": "pilsner",
      "pred": "lager",
      "n": 234
    },
    {
      "true": "porter",
      "pred": "brown_ale",
      "n": 204
    },
    {
      "true": "specialty",
      "pred": "pale_ale",
      "n": 204
    },
    {
      "true": "bock",
      "pred": "lager_dark",
      "n": 201
    },
    {
      "true": "strong_ale",
      "pred": "ipa",
      "n": 196
    },
    {
      "true": "brown_ale",
      "pred": "porter",
      "n": 185
    },
    {
      "true": "pale_ale",
      "pred": "brown_ale",
      "n": 173
    },
    {
      "true": "ipa",
      "pred": "pale_ale",
      "n": 171
    },
    {
      "true": "bock",
      "pred": "lager",
      "n": 163
    },
    {
      "true": "specialty",
      "pred": "porter",
      "n": 155
    },
    {
      "true": "lager_dark",
      "pred": "bock",
      "n": 153
    }
  ],
  "sanity_top1": 0.58,
  "cluster_count": 14
}